{
  "zh_CN": {
    "新到书": "新到旧"
  },
  "zh_TW": {
    "有可用更新": "有可用更新",
    "下载管理器": "下載管理器",
    "有未完成的下载, 是否继续?": "有未完成的下載, 是否繼續?",
    "点击完成身份验证": "點擊完成身份驗證",
    "否": "否",
    "是": "是",
    "取消": "取消",
    "下载": "下載",
    "了解": "了解",
    "更多": "更多",
    "提交": "提交",
    "全选": "全選",
    "导出": "匯出",
    "查看漫画详情": "查看漫畫詳情",
    "确认": "確認",
    "删除": "刪除",
    "阅读": "閱讀",
    "暂停": "暫停",
    "重试": "重試",
    "继续": "繼續",
    "清除": "清除",
    "清除记录": "清除記錄",
    "要清除历史记录吗?": "要清除歷史記錄嗎?",
    "要删除这条历史记录吗": "要刪除這條歷史記錄嗎",
    "返回": "返回",
    "保存图片": "保存圖片",
    "分享": "分享",
    "登录": "登入",
    "注册": "註冊",
    "我": "我",
    "探索": "探索",
    "分类": "分類",
    "搜索": "搜尋",
    "排行榜": "排行榜",
    "设置": "設置",
    "收藏夹": "收藏夾",
    "已下载": "已下載",
    "Picacg游戏": "Picacg遊戲",
    "Eh主页": "Eh主頁",
    "Eh热门": "Eh熱門",
    "禁漫主页": "禁漫主頁",
    "禁漫最新": "禁漫最新",
    "历史记录": "歷史記錄",
    "24小时": "24小時",
    "7天": "7天",
    "30天": "30天",
    "图片": "圖片",
    "要删除已选择的项目吗? 此操作无法撤销": "要刪除已選擇的項目嗎? 此操作無法撤銷",
    "页码": "頁碼",
    "输入范围: ": "輸入範圍: ",
    "加载中": "加載中",
    "请选择漫画": "請選擇漫畫",
    "一次只能导出一部漫画": "一次只能匯出一部漫畫",
    "打包中": "打包中",
    "未知大小": "未知大小",
    "请选择一个漫画": "請選擇一個漫畫",
    "查看详情": "查看詳情",
    "下载出错": "下載出錯",
    " 已暂停": " 已暫停",
    " 下载中": " 下載中",
    "@length 项下载任务": "@length 項下載任務",
    "未登录": "未登入",
    "网络错误": "網路錯誤",
    "账号管理": "帳號管理",
    "退出登录": "退出登入",
    "重新登录": "重新登入",
    "正在重新登录": "正在重新登入",
    "重新登录成功": "重新登入成功",
    "目标": "目標",
    "禁漫漫画ID": "禁漫漫畫ID",
    "输入禁漫漫画ID": "輸入禁漫漫畫ID",
    "输入的ID不是数字": "輸入的ID不是數字",
    "漫画排序模式": "漫畫排序模式",
    "新到书": "新到舊",
    "旧到新": "舊到新",
    "最多喜欢": "最多喜歡",
    "最多指名": "最多指名",
    "最新": "最新",
    "最多点击": "最多點擊",
    "最多图片": "最多圖片",
    "历史搜索": "歷史搜尋",
    "@year 年前": "@year 年前",
    "@month 个月前": "@month 個月前",
    "@day 天前": "@day 天前",
    "@hour 小时前": "@hour 小時前",
    "@minute 分钟前": "@minute 分鐘前",
    "刚刚": "剛剛",
    "没有其它章节": "沒有其他章節",
    "切换章节": "切換章節",
    "章节": "章節",
    "退出": "退出",
    "第 @c 章": "第 @c 章",
    "当前": "當前",
    " 倒序": " 倒序",
    "未知": "未知",
    "继续阅读": "繼續閱讀",
    "从头开始": "從頭開始",
    "上次阅读到第 @ep 章第 @page 页, 是否继续阅读?": "上次閱讀到第 @ep 章第 @page 頁, 是否繼續閱讀?",
    "已经是第一页了": "~到頂啦~",
    "已经是最后一页了": "~到底啦~",
    "阅读设置": "閱讀設置",
    "点按翻页": "點按翻頁",
    "使用音量键翻页": "使用音量鍵翻頁",
    "宽屏时显示控制按钮": "寬屏時顯示控制按鈕",
    "保持屏幕常亮": "保持螢幕常亮",
    "选择阅读模式": "選擇閱讀模式",
    "从左至右": "從左至右",
    "从右至左": "從右至左",
    "从上至下": "從上至下",
    "从上至下(连续)": "從上至下(連續)",
    "选择漫画排序模式": "選擇漫畫排序模式",
    "推荐": "推薦",
    "没有推荐, 可能等级不足": "沒有推薦，可能等級不足",
    "本子妹推荐": "本子妹推薦",
    "本子母推荐": "本子母推薦",
    "简介": "簡介",
    "相关推荐": "相關推薦",
    "收藏": "收藏",
    "复制": "複製",
    "已复制": "已複製",
    "下载中": "下載中",
    "已加入下载": "已加入下載",
    "回复": "回覆",
    "评论至少需要2个字": "留言至少需要2個字",
    "评论": "留言",
    "下一页": "下一頁",
    "下载游戏": "下載遊戲",
    "将前往哔咔游戏下载页面, 是否继续": "將前往嗶咔遊戲下載頁面，是否繼續",
    "屏幕截图": "螢幕截圖",
    "转到注册": "轉到註冊",
    "账号": "帳號",
    "密码": "密碼",
    "您的登录密码": "您的登入密碼",
    "登录中": "登入中",
    "登录失败": "登入失敗",
    "两次输入的密码不一致": "兩次輸入的密碼不一致",
    "密码至少8位": "密碼至少8位",
    "更换头像": "更換頭像",
    "请先选择图像": "請先選擇圖像",
    "上传成功": "上傳成功",
    "上传": "上傳",
    "修改密码": "修改密碼",
    "输入旧密码": "輸入舊密碼",
    "输入新密码": "輸入新密碼",
    "再输一次新密码": "再輸一次新密碼",
    "用户名": "用戶名",
    "等级": "等級",
    "自我介绍": "自我介紹",
    "更改自我介绍": "更改自我介紹",
    "不能为空": "不能為空",
    "要退出登录吗": "要登出嗎",
    "选择搜索模式": "選擇搜尋模式",
    "每周必看": "每週必看",
    "作者": "作者",
    "正在取消收藏": "正在取消收藏",
    "全部收藏": "全部收藏",
    "收藏漫画": "收藏漫畫",
    "第1章": "第1章",
    "正在发送评论": "正在送出留言",
    "全部": "全部",
    "确认删除": "確認刪除",
    "要删除这个收藏夹吗": "要刪除這個收藏夾嗎",
    "正在删除收藏夹": "正在刪除收藏夾",
    "删除成功": "刪除成功",
    "创建收藏夹": "創建收藏夾",
    "名称": "名稱",
    "成功创建": "成功創建",
    "总排行": "總排行",
    "月排行": "月排行",
    "周排行": "周排行",
    "日排行": "日排行",
    "韩漫": "韓漫",
    "日漫": "日漫",
    "其它": "其他",
    "未知错误": "未知錯誤",
    "添加收藏成功": "添加收藏成功",
    "取消收藏成功": "取消收藏成功",
    "类型": "類型",
    "语言": "語言",
    "昨天": "昨天",
    "一个月": "一個月",
    "一年": "一年",
    "所有时间": "所有時間",
    "igneous(非必要)": "igneous(非必要)",
    "请填写完整": "請填寫完整",
    "在Webview中登录": "在Webview中登入",
    "无": "無",
    "下载全部": "下載全部",
    "下载选择": "下載選擇",
    "下载漫画": "下載漫畫",
    "关键词屏蔽": "關鍵詞封鎖",
    "设置代理": "設置代理",
    "检查更新": "檢查更新",
    "当前:": "當前:",
    "启动时检查更新": "啟動時檢查更新",
    "设置下载目录": "設置下載目錄",
    "缓存大小": "快取大小",
    "计算中": "計算中",
    "清除缓存": "清理快取",
    "隐私": "隱私",
    "阻止屏幕截图": "阻止螢幕截圖",
    "需要重启App以应用更改": "需要重啟App以應用更改",
    "如果系统中未设置任何认证方法请勿开启": "如果系統中未設定任何認證方法請勿開啟",
    "项目地址": "項目地址",
    "提出建议": "提出建議",
    "正在检查更新": "正在檢查更新",
    "关闭更新检查": "關閉更新檢查",
    "已是最新版本": "已是最新版本",
    "使用系统代理": "使用系統代理",
    "使用系统代理时无法手动设置": "使用系統代理時無法手動設定",
    "设置代理, 例如127.0.0.1:7890": "設置代理, 例如127.0.0.1:7890",
    "禁漫天堂": "禁漫天堂",
    "路径": "路徑",
    "为空表示使用App数据目录": "為空表示使用App資料目錄",
    "转移数据": "轉移資料",
    "正在复制文件": "正在複製文件",
    "更新成功": "更新成功",
    "目录不存在": "目錄不存在",
    "现在的路径为": "現在的路徑為",
    "添加": "添加",
    "添加屏蔽关键词": "添加封鎖關鍵詞",
    "添加关键词": "添加關鍵詞",
    "关键词屏蔽不会生效于收藏夹和历史记录, 屏蔽的依据仅限加载漫画列表时能够获取到的信息": "關鍵詞封鎖不會生效於收藏夾和歷史記錄, 封鎖僅限於加載漫畫列表時能夠獲取到的資訊",
    "画廊站点": "畫廊站點",
    "分类中漫画排序模式": "分類中漫畫排序模式",
    "搜索中漫画排序模式": "搜索中漫畫排序模式",
    "设置分流": "設置分流",
    "分流1": "分流1",
    "分流2": "分流2",
    "分流3": "分流3",
    "分流4": "分流4",
    "哔咔漫画": "嗶咔漫畫",
    "正在获取分流IP": "正在獲取分流IP",
    "设置图片质量": "設置圖片品質",
    "低": "低",
    "中": "中",
    "高": "高",
    "原图": "原圖",
    "设置搜索及分类排序模式": "設置搜尋及分類排序模式",
    "显示头像框": "顯示頭像框",
    "漫画列表显示方式": "漫畫列表顯示方式",
    "绅士漫画": "紳士漫畫",
    "自动打卡": "自動打卡",
    "初始页面": "初始頁面",
    "已下载的漫画排序方式": "已下載的漫畫排序方式",
    "优先加载原图": "優先加載原圖",
    "图片预加载": "圖片預加載",
    "自动翻页时间间隔": "自動翻頁時間間隔",
    "主题选择": "主題選擇",
    "深色模式": "深色模式",
    "清除所有数据": "清除所有資料",
    "打卡成功": "打卡成功",
    "本地": "本地",
    "网络": "網路",
    "导出用户数据": "匯出用戶資料",
    "将导出设置, 账号, 历史记录, 下载内容, 本地收藏等数据": "將匯出設置, 帳號, 歷史記錄, 下載內容, 本地收藏等資料",
    "导入用户数据": "匯入用戶資料",
    "将导入设置, 账号, 历史记录, 下载内容, 本地收藏等数据, 现在的所有数据将会被覆盖": "將匯入設置, 帳號, 歷史記錄, 下載內容, 本地收藏等資料, 現在的所有資料將會被覆蓋",
    "订阅": "訂閱",
    "建议": "建議",
    "清空": "清空",
    "警告": "警告",
    "此操作无法撤销, 是否继续": "此操作無法撤銷，是否繼續",
    "新建": "新增",
    "排序": "排序",
    "重命名": "重命名",
    "切换源": "更改來源",
    "应用链接": "應用程式連結",
    "在系统设置中管理APP支持的链接": "在系統設定中管理APP支援的連結",
    "取消收藏": "取消收藏",
    "本地收藏": "本地收藏",
    "新收藏添加至": "新收藏新增至",
    "阅读后移动本地收藏至": "閱讀後移動本地收藏至",
    "最前": "最前",
    "最后": "最後",
    "无操作": "無操作",
    "长按缩放": "長按縮放",
    "同步数据中": "同步資料中",
    "最少星星": "最少星星",
    "高级选项": "進階選項",
    "隐藏": "隱藏",
    "规则": "規則",
    "探索页面": "探索頁面",
    "查看信息": "查看詳情",
    "显示页面信息": "顯示頁面訊息",
    "从文件导入": "從文件匯入",
    "从网络导入": "從網路匯入",
    "复制到": "複製到",
    "这里什么都没有": "空空ㄉ",
    "前往": "前往",
    "寻找漫画": "尋找漫畫",
    "随机": "隨機",
    "长度": "長度",
    "链接": "連結",
    "排序方式": "排序方式",
    "检查剪切板中的链接": "檢查剪貼簿中的連結",
    "漫画块大小": "漫畫區塊大小",
    "默认搜索源": "預設搜尋來源",
    "启用侧边翻页栏": "啟用側邊翻頁欄",
    "高刷新率模式": "高刷新率模式",
    "帮助": "幫助",
    "使用须知": "使用須知",
    "感谢使用本软件, 请注意:": "感謝使用本軟體, 請注意:",
    "我已阅读并知晓": "我已閱讀並同意",
    "更多设置": "更多設定",
    "登录账号": "登入帳號",
    "进入APP": "進入APP",
    "请先阅读使用须知": "請先閱讀使用須知",
    "分类页面": "分類頁面",
    "网络收藏页面": "網路收藏頁面",
    "自动添加语言筛选": "自動新增語言篩選",
    "屏蔽": "封鎖",
    "自动翻页": "自動翻頁",
    "全屏": "全螢幕",
    "反转点按翻页": "反轉點按翻頁",
    "本次更新数: ": "本次更新數:",
    ", 上次更新时间: ": ", 上次更新時間:",
    "下拉更新拉取页数": "下拉更新拉取頁數",
    "支持下拉更新": "支援下拉更新",
    "已登录 @a 个账号": "已登入 @a 個帳號",
    "共 @a 部漫画": "共 @a 部漫畫",
    "@a 条历史记录": "@a 條歷史記錄",
    "显示收藏状态": "顯示收藏狀態",
    "显示阅读位置": "顯示閱讀位置",
    "图片收藏大小": "圖片收藏大小",
    "图片收藏": "圖片收藏",
    "@a 条图片收藏": "@a 條圖片收藏",
    "要删除这个图片吗": "要刪除這個圖片嗎",
    "图片配额": "圖片配額",
    "已用": "已用",
    "重置花费": "重置花費",
    "可用货币": "可用貨幣",
    "头像": "頭像",
    "显示": "顯示",
    "漫画块": "漫畫塊",
    "下载数据失败, 已禁用同步": "下載資料失敗, 已禁用同步",
    "固定横屏": "固定橫屏",
    "缓存限制": "快取限制",
    "导出不含下载的数据": "匯出不含下載的資料",
    "导出所有数据": "匯出所有資料",
    "如需还原之前的下载, 将路径填写为下载数据的位置, 并取消勾选转移数据": "如需還原之前的下載, 將路徑填寫為下載資料的位置, 並取消勾選轉移資料",
    "如果导入的数据中包含下载数据, 则当前的下载数据也将被覆盖": "如果匯入的資料中包含下載資料, 則當前的下載資料也將被覆蓋",
    "缓存大小限制": "快取大小限制",
    "缓存数量限制": "快取數量限制",
    "仅在退出阅读器时检查缓存是否超出限制": "僅在退出閱讀器時檢查快取是否超出限制",
    "需要身份验证": "需要身份驗證",
    "添加漫画源": "添加漫畫來源",
    "选择文件": "選擇文件",
    "优先显示副标题": "優先顯示副標題",
    "适用于已下载的画廊": "適用於已下載的畫廊",
    "配置文件": "配置文件",
    "最近": "最近",
    "获取图片信息...": "獲取圖片資訊...",
    "快速收藏": "快速收藏",
    "复制标题": "複製標題",
    "复制链接": "複製連結",
    "搜索相似": "搜索相似",
    "点击查看详情": "點擊查看詳情",
    "当前设备不支持": "當前設備不支援",
    "第一章": "第一章",
    "时间": "時間",
    "已保存": "已保存",
    "修改成功": "修改成功",
    "选择图像": "選擇圖像",
    "如果登录失效点击此处": "如果登入失效點擊此處",
    "已登录": "已登入",
    "无数据": "無資料",
    "重置成功": "重置成功",
    "重置": "重置",
    "登录成功": "登入成功",
    "查看": "查看",
    "在浏览器中打开": "在瀏覽器中打開",
    "重新加载": "重新加載",
    "成功添加收藏": "成功添加收藏",
    "正在添加收藏": "正在添加收藏",
    "添加收藏失败": "添加收藏失敗",
    "取消收藏失败": "取消收藏失敗",
    "成功取消收藏": "成功取消收藏",
    "倒序": "倒序",
    "添加至本地收藏": "添加至本地收藏",
    "要删除这个章节吗": "要刪除這個章節嗎",
    "请输入评论": "請輸入評論",
    "保存至本地": "保存至本地",
    "此画廊存在令人不适的内容\\n在设置中可以禁用此警告": "此畫廊存在令人不適的內容\\n在設定中可以禁用此警告",
    "忽略": "忽略",
    "评分成功": "評分成功",
    "已加入下载队列": "已加入下載隊列",
    "EH订阅": "EH訂閱",
    "其它漫画源的订阅尚未完成\\n如需管理EH订阅, 请前往EH网站": "其他漫畫源的訂閱尚未完成\\n如需管理EH訂閱, 請前往EH網站",
    "查看更多": "查看更多",
    "编辑标签": "編輯標籤",
    "已添加下载任务": "已添加下載任務",
    "无效的漫画": "無效的漫畫",
    "从当前的搜索结果创建新的收藏夹": "從當前的搜尋結果創建新的收藏夾",
    "未选择": "未選擇",
    "选择收藏夹": "選擇收藏夾",
    "检查漫画存活": "檢查漫畫存活",
    "正在导出": "正在匯出",
    "删除失败": "刪除失敗",
    "Invalid comic source": "無效的漫畫來源",
    "热门 | 今天": "熱門 | 今天",
    "热门 | 一周": "熱門 | 一周",
    "热门 | 本月": "熱門 | 本月",
    "热门 | 一年": "熱門 | 一年",
    "已屏蔽": "已封鎖",
    "标签": "標籤",
    "成功发表评论": "成功發表評論",
    "登录哔咔时发生错误:": "登入嗶咔時發生錯誤:",
    "登录绅士漫画时发生错误:": "登入紳士漫畫時發生錯誤:",
    "发现剪切板中的链接": "發現剪貼簿中的連結",
    "打开": "打開",
    "工具": "工具",
    "使用工具发现更多漫画": "使用工具發現更多漫畫",
    "热门 | 所有时间": "熱門 | 所有時間",
    "上一页": "上一頁",
    "页面": "頁面",
    "输入的数字不正确": "輸入的數字不正確",
    "喜欢": "喜歡",
    "相似": "相似",
    "信息": "資訊",
    "显示全部": "顯示全部",
    "预览": "預覽",
    "已收藏": "已收藏",
    "已添加至收藏夹:": "已添加至收藏夾:",
    "汉化": "漢化",
    "搜索选项": "搜尋選項",
    "打开链接": "打開連結",
    "打开禁漫ID": "打開禁漫ID",
    "选择屏幕上的图片": "選擇螢幕上的圖片",
    "点按翻页识别范围": "點按翻頁識別範圍",
    "深色模式下降低图片亮度": "深色模式下降低圖片亮度",
    "翻页动画": "翻頁動畫",
    "图片缩放": "圖片縮放",
    "容纳": "容納",
    "适应宽度": "適應寬度",
    "适应高度": "適應高度",
    "双击缩放": "雙擊縮放",
    "限制图片最大显示宽度": "限制圖片最大顯示寬度",
    "图片分流": "圖片分流",
    "分流5": "分流5",
    "分流6": "分流6",
    "双页": "雙頁",
    "双页(反向)": "雙頁(反向)",
    "屏幕方向": "螢幕方向",
    "收藏图片": "收藏圖片",
    "成功收藏图片": "成功收藏圖片",
    "留空表示禁用网络代理": "留空表示禁用網路代理",
    "请在下载任务完成后进行操作": "請在下載任務完成後進行操作",
    "允许储存权限": "允許儲存權限",
    "需要储存权限以选取任意目录": "需要儲存權限以選取任意目錄",
    "储存路径": "儲存路徑",
    "请确保路径存在": "請確保路徑存在",
    "立即执行:": "立即執行:",
    "上传数据": "上傳資料",
    "下载数据": "下載資料",
    "将URL留空以禁用同步": "將URL留空以禁用同步",
    "已禁用": "已禁用",
    "要删除此漫画源吗?": "要刪除此漫畫來源嗎?",
    "浏览列表": "瀏覽列表",
    "查看帮助": "查看幫助",
    "忽略警告": "忽略警告",
    "漫画名": "漫畫名",
    "作者名": "作者名",
    "大小": "大小",
    "漫画块显示模式": "漫畫塊顯示模式",
    "详细": "詳細",
    "简略": "簡略",
    "漫画块缩略图布局": "漫畫塊縮略圖布局",
    "覆盖": "覆蓋",
    "完成": "完成",
    "设置漫画排序模式": "設置漫畫排序模式",
    "收藏夹中漫画排序模式": "收藏夾中漫畫排序模式",
    "最新收藏": "最新收藏",
    "最新更新": "最新更新",
    "启用": "啟用",
    "APP启动或是距离上次打卡间隔一天时执行": "APP啟動或是距離上次打卡間隔一天時執行",
    "启动时执行": "啟動時執行",
    "收藏夹漫画排序模式": "收藏夾漫畫排序模式",
    "跟随系统": "跟隨系統",
    "禁用": "禁用",
    "日志": "日誌",
    "更新": "更新",
    "数据": "資料",
    "确认清除缓存?": "確認清除快取?",
    "数据同步": "資料同步",
    "下载并行": "下載並行",
    "Pica Comic是一个完全免费的漫画阅读APP": "Pica Comic是一個完全免費的漫畫閱讀APP",
    "仅用于学习交流": "僅用於學習交流",
    "提出建议(Github)": "提出建議(Github)",
    "通过电子邮件联系我": "通過電子郵件聯繫我",
    "支持开发": "支持開發",
    "加入Telegram群": "加入Telegram群",
    "图片搜索 [搜图bot酱]": "圖片搜索 [搜圖bot醬]",
    "图片搜索 [SauceNAO]": "圖片搜索 [SauceNAO]",
    "不支持的链接": "不支援的連結",
    "输入链接": "輸入連結",
    "欢迎": "歡迎",
    "设置App外观": "設置App外觀",
    "添加收藏": "添加收藏",
    "普通下载": "普通下載",
    "归档下载": "歸檔下載",
    "已加入队列": "已加入隊列",
    "star(非必要)": "Star(非必要)",
    "长按收藏按钮执行快速收藏": "長按收藏按鈕執行快速收藏",
    "点击漫画时": "點擊漫畫時",
    "浏览": "瀏覽",
    "漫画源": "漫畫源",
    "外观": "外觀",
    "关于": "關於",
    "有可用更新:": "有可用更新:",
    "自定义漫画源": "自定義漫畫源",
    "已选择 @num 个项目": "已選擇 @num 個項目",
    "可能导致加载失败": "可能導致加載失敗",
    "首页显示单张图片": "首頁顯示單張圖片",
    "要删除此项目吗?" : "要刪除此項目嗎?",
    "要清空历史记录吗?" : "要清空歷史記錄嗎?",
    "要清空收藏吗?" : "要清空收藏嗎?",
    "是否退出程序？" : "是否退出程序？",
    "不再提示": "不再提示",
    "删除下载": "刪除下載",
    "复制路径": "複製路徑",
    "通过 cookie 身份信息快速填写": "通過 cookie 身份信息快速填寫",
    "解析": "解析",
    "空的内容不能解析哦": "空的內容不能解析哦",
    "cookie 信息格式可能有误": "cookie 格式可能有誤",
    "本App的开发目的仅为学习交流与个人兴趣, 显示的任何内容均来自网络, 与开发者无关": "本App的開發目的僅為學習交流與個人興趣, 顯示的任何內容均來自網路, 與開發者無關",
    "如果在使用中发现问题, 请先确认是否为自己的设备问题, 然后再进行反馈": "如果在使用中發現問題, 請先確認是否為自己的設備問題, 然後再進行反饋",
    "开发者不对能否解决问题负责": "開發者不對能否解決問題負責",
    "连续模式": "連續模式",
    "滑动到底部时自动加载下一页并追加到页面末尾": "滑動到底部時自動加載下一頁並追加到頁面末尾",
    "分页模式": "分頁模式",
    "需要手动切换页面": "需要手動切換頁面",
    "App数据目录": "App資料目錄",
    "成功导出": "成功匯出",
    "导出失败": "匯出失敗",
    "完全隐藏屏蔽的作品": "完全隱藏封鎖的作品",
    "内置漫画源": "內置漫畫源",
    "设置缓存限制": "設置快取限制",
    "需要进行Cloudflare验证": "需要進行Cloudflare驗證",
    "屏蔽关键词": "封鎖關鍵詞",
    "上传者": "上傳者",
    "图片搜索": "圖片搜索",
    "Eh订阅": "Eh訂閱",
    "菜单": "選單",
    "导出为pdf": "匯出為pdf",
    "更新漫画信息": "更新漫畫資訊"
  },
  "en_US": {
    "有可用更新": "Updates available",
    "下载管理器": "Download manager",
    "有未完成的下载, 是否继续?": "There are unfinished downloads, continue?",
    "点击完成身份验证": "Click to complete identity verification",
    "否": "No",
    "是": "Yes",
    "取消": "Cancel",
    "下载": "Download",
    "了解": "OK",
    "更多": "More",
    "提交": "Submit",
    "全选": "Select all",
    "导出": "Export",
    "查看漫画详情": "View Comic Details",
    "确认": "Confirm",
    "删除": "Delete",
    "阅读": "Read",
    "暂停": "Pause",
    "重试": "Retry",
    "继续": "Continue",
    "清除": "Clear",
    "清除记录": "Clear History",
    "要清除历史记录吗?": "Do you want to clear the history?",
    "要删除这条历史记录吗": "Do you want to delete this history record?",
    "返回": "Back",
    "保存图片": "Save Image",
    "分享": "Share",
    "登录": "Log In",
    "注册": "Register",
    "我": "Me",
    "探索": "Explore",
    "分类": "Category",
    "搜索": "Search",
    "排行榜": "Ranking",
    "设置": "Settings",
    "收藏夹": "Favorites",
    "已下载": "Downloaded",
    "Picacg游戏": "Picacg Games",
    "Eh主页": "Eh Homepage",
    "Eh热门": "Eh Popular",
    "禁漫主页": "JM Homepage",
    "禁漫最新": "JM Latest",
    "历史记录": "History",
    "24小时": "24 Hours",
    "7天": "7 Days",
    "30天": "30 Days",
    "图片": "Image",
    "要删除已选择的项目吗? 此操作无法撤销": "Do you want to delete the selected items? This operation cannot be undone",
    "页码": "Page Number",
    "输入范围: ": "Input Range: ",
    "加载中": "Loading",
    "请选择漫画": "Please select a comic",
    "一次只能导出一部漫画": "You can only export one comic at a time",
    "打包中": "Packing",
    "未知大小": "Unknown Size",
    "请选择一个漫画": "Please select a comic",
    "查看详情": "View Details",
    "下载出错": "Download Error",
    " 已暂停": " Paused",
    " 下载中": " Downloading",
    "@length 项下载任务": "@length Download Tasks",
    "未登录": "Login required",
    "网络错误": "Network Error",
    "账号管理": "Accounts",
    "退出登录": "Log Out",
    "重新登录": "Re-login",
    "正在重新登录": "Re-logging in",
    "重新登录成功": "Re-login successful",
    "目标": "Target",
    "禁漫漫画ID": "JMComic Comic ID",
    "输入禁漫漫画ID": "Enter JMComic ID",
    "输入的ID不是数字": "The entered ID is not a number",
    "漫画排序模式": "Comic Sorting Mode",
    "新到书": "New to Old",
    "旧到新": "Old to New",
    "最多喜欢": "Most Likes",
    "最多指名": "Most Nominated",
    "最新": "Latest",
    "最多点击": "Most Clicks",
    "最多图片": "Most Images",
    "历史搜索": "History",
    "@year 年前": "@year years ago",
    "@month 个月前": "@month months ago",
    "@day 天前": "@day days ago",
    "@hour 小时前": "@hour hours ago",
    "@minute 分钟前": "@minute minutes ago",
    "刚刚": "Just now",
    "没有其它章节": "No other chapters",
    "切换章节": "Chapters",
    "章节": "Chapter",
    "退出": "Exit",
    "第 @c 章": "Chapter @c",
    "当前": "Current",
    " 倒序": "Reverse Order",
    "未知": "Unknown",
    "继续阅读": "Continue",
    "从头开始": "Start",
    "上次阅读到第 @ep 章第 @page 页, 是否继续阅读?": "Last read at Chapter @ep, Page @page. Do you want to continue reading?",
    "已经是第一页了": "Already on the first page",
    "已经是最后一页了": "Already on the last page",
    "阅读设置": "Reading Settings",
    "点按翻页": "Tap to Flip Page",
    "使用音量键翻页": "Use Volume Keys to Flip Page",
    "宽屏时显示控制按钮": "Show control buttons in widescreen",
    "保持屏幕常亮": "Keep Screen On",
    "深色模式下降低图片亮度": "Reduce Image Brightness in dark mode",
    "选择阅读模式": "Select Reading Mode",
    "从左至右": "Left to Right",
    "从右至左": "Right to Left",
    "从上至下": "Top to Bottom",
    "从上至下(连续)": "Top to Bottom (Continuous)",
    "选择漫画排序模式": "Select Comic Sorting Mode",
    "推荐": "Recommend",
    "没有推荐, 可能等级不足": "No recommendations, possibly due to insufficient level",
    "简介": "Introduction",
    "相关推荐": "Related",
    "收藏": "Favorite",
    "复制": "Copy",
    "下载中": "Downloading",
    "已加入下载": "Added to Downloads",
    "回复": "Reply",
    "评论至少需要2个字": "Comments must be at least 2 characters long",
    "评论": "Comment",
    "下一页": "Next Page",
    "下载游戏": "Download Game",
    "将前往哔咔游戏下载页面, 是否继续": "You will be redirected to the Picacg Games download page, do you want to continue?",
    "屏幕截图": "Screenshot",
    "转到注册": "Sign Up",
    "账号": "Account",
    "密码": "Password",
    "您的登录密码": "Your login password",
    "登录中": "Logging in",
    "登录失败": "Login Failed",
    "两次输入的密码不一致": "Passwords entered do not match",
    "密码至少8位": "Password must be at least 8 characters",
    "更换头像": "Change Avatar",
    "请先选择图像": "Please select an image first",
    "上传成功": "Upload successful",
    "上传": "Upload",
    "修改密码": "Change Password",
    "输入旧密码": "Enter old password",
    "输入新密码": "Enter new password",
    "再输一次新密码": "Re-enter new password",
    "用户名": "Username",
    "等级": "Level",
    "自我介绍": "Self-introduction",
    "更改自我介绍": "Change self-introduction",
    "不能为空": "Cannot be empty",
    "要退出登录吗": "Do you want to log out?",
    "选择搜索模式": "Choose search mode",
    "每周必看": "Must-See Weekly",
    "作者": "Author",
    "正在取消收藏": "Canceling collection",
    "全部收藏": "All collections",
    "收藏漫画": "Favorite Comics",
    "第1章": "Chapter 1",
    "正在发送评论": "Sending comment",
    "全部": "All",
    "确认删除": "Confirm deletion",
    "要删除这个收藏夹吗": "Do you want to delete this collection?",
    "正在删除收藏夹": "Deleting collection",
    "删除成功": "Deletion successful",
    "创建收藏夹": "Create Folder",
    "名称": "Name",
    "成功创建": "Successfully created",
    "总排行": "Overall Ranking",
    "月排行": "Monthly Ranking",
    "周排行": "Weekly Ranking",
    "日排行": "Daily Ranking",
    "韩漫": "Korean Comics",
    "日漫": "Japanese Comics",
    "其它": "Other",
    "未知错误": "Unknown error",
    "添加收藏成功": "Favorite added successfully",
    "取消收藏成功": "Unfavorite successful",
    "类型": "Type",
    "语言": "Language",
    "昨天": "Yesterday",
    "一个月": "One month",
    "一年": "One year",
    "所有时间": "All time",
    "igneous(非必要)": "igneous (optional)",
    "请填写完整": "Please fill in completely",
    "在Webview中登录": "Login in Webview",
    "无": "None",
    "下载全部": "Download all",
    "下载选择": "Download selection",
    "下载漫画": "Download comics",
    "关键词屏蔽": "Keyword blocking",
    "设置代理": "Set proxy",
    "检查更新": "Check for updates",
    "当前:": "Current:",
    "启动时检查更新": "Check for updates on startup",
    "设置下载目录": "Set download directory",
    "缓存大小": "Cache size",
    "计算中": "Calculating",
    "清除缓存": "Clear cache",
    "隐私": "Privacy",
    "阻止屏幕截图": "Block screen capture",
    "需要重启App以应用更改": "App needs to be restarted to apply changes",
    "如果系统中未设置任何认证方法请勿开启": "Do not enable if no authentication methods are set in the system",
    "项目地址": "Repository",
    "提出建议": "Submit suggestions",
    "正在检查更新": "Checking for updates",
    "关闭更新检查": "Turn off update check",
    "已是最新版本": "Already the latest version",
    "使用系统代理": "Use system proxy",
    "使用系统代理时无法手动设置": "Manual settings are not available when using system proxy",
    "设置代理, 例如127.0.0.1:7890": "Set proxy, e.g., 127.0.0.1:7890",
    "禁漫天堂": "JMComic",
    "路径": "Path",
    "为空表示使用App数据目录": "Empty indicates the use of the App data directory",
    "转移数据": "Transfer data",
    "正在复制文件": "Copying files",
    "更新成功": "Update successful",
    "目录不存在": "Directory does not exist",
    "现在的路径为": "Current path is",
    "添加": "Add",
    "添加屏蔽关键词": "Add blocked keywords",
    "添加关键词": "Add keywords",
    "关键词屏蔽不会生效于收藏夹和历史记录, 屏蔽的依据仅限加载漫画列表时能够获取到的信息": "Keyword blocking does not affect favorites and history. It is based on information available only when loading the comic list.",
    "画廊站点": "Gallery domain",
    "分类中漫画排序模式": "Comic sorting mode in categories",
    "搜索中漫画排序模式": "Comic sorting mode in searches",
    "设置分流": "Set stream",
    "分流1": "Stream 1",
    "分流2": "Stream 2",
    "分流3": "Stream 3",
    "分流4": "Stream 4",
    "哔咔漫画": "Picacg",
    "设置图片质量": "Set image quality",
    "低": "Low",
    "中": "Medium",
    "高": "High",
    "原图": "Original image",
    "设置搜索及分类排序模式": "Set search and category sorting mode",
    "显示头像框": "Display avatar frame",
    "漫画列表显示方式": "Comic list display mode",
    "自动打卡": "Auto check-in",
    "初始页面": "Initial page",
    "已下载的漫画排序方式": "Sorting mode for downloaded comics",
    "优先加载原图": "Load original images",
    "图片预加载": "Image preloading",
    "自动翻页时间间隔": "Auto page turn interval",
    "主题选择": "Select Theme",
    "深色模式": "Dark mode",
    "清除所有数据": "Clear all data",
    "打卡成功": "Check-in successful",
    "本地": "Local",
    "网络": "Network",
    "导出用户数据": "Export user data",
    "将导出设置, 账号, 历史记录, 下载内容, 本地收藏等数据": "Export settings, accounts, history, downloaded content, local favorites, and other data",
    "导入用户数据": "Import user data",
    "将导入设置, 账号, 历史记录, 下载内容, 本地收藏等数据, 现在的所有数据将会被覆盖": "Import settings, accounts, history, downloaded content, local favorites, and other data. All existing data will be overwritten.",
    "订阅": "Subscribe",
    "建议": "Suggestions",
    "清空": "Clear",
    "警告": "Warning",
    "此操作无法撤销, 是否继续": "This operation cannot be undone. Do you want to continue?",
    "双页": "Two page",
    "双页(反向)": "Two page(reserved)",
    "翻页动画": "Page turning animation",
    "留空表示禁用网络代理": "Leave blank to disable web proxy",
    "跟随系统": "system",
    "启用": "enable",
    "禁用": "disable",
    "图片分流": "Image Stream",
    "时间": "Time",
    "漫画名": "Title",
    "作者名": "Author",
    "大小": "Size",
    "收藏夹漫画排序模式": "Comic sorting mode in favorites",
    "启动时执行": "Execute at startup",
    "APP启动或是距离上次打卡间隔一天时执行": "Executed when the APP is started or one day after the last check-in",
    "如果登录失效点击此处": "Click here if login expires",
    "已登录": "Logged in",
    "查看": "View",
    "热门 | 今天": "Popular|Today",
    "热门 | 一周": "Popular|Week",
    "热门 | 本月": "Popular|Month",
    "热门 | 一年": "Popular|Year",
    "热门 | 所有时间": "Popular | All Time",
    "点按翻页识别范围": "Range of Tapping to Flip Page",
    "图片缩放": "Image zoom",
    "容纳": "contain",
    "适应宽度": "fit width",
    "适应高度": "fit height",
    "复制标题": "copy title",
    "复制链接": "copy link",
    "在浏览器中打开": "open in browser",
    "工具": "Tools",
    "使用工具发现更多漫画": "Find more comics with tools",
    "收藏夹中漫画排序模式": "Comic sorting mode in favorite folder",
    "最新更新": "Update Time",
    "最新收藏": "Favorite Time",
    "搜索选项": "Search Options",
    "设置App外观": "Set App appearance",
    "完成": "All Done",
    "EH订阅": "EH Subscription",
    "打开链接": "Open Link",
    "图片搜索 [搜图bot酱]": "Image Search [搜图bot酱]",
    "图片搜索 [SauceNAO]": "Image Search [SauceNAO]",
    "输入链接": "Enter Link",
    "不支持的链接": "Unsupported Link",
    "打开": "open",
    "限制图片最大显示宽度": "Limit image width",
    "倒序": "Reverse",
    "漫画块显示模式": "Display mode of comic tile",
    "数据同步": "Data Sync",
    "简略": "Brief",
    "详细": "Detailed",
    "储存路径": "Storage Path",
    "请确保路径存在": "Make sure the path exists",
    "立即执行:": "Run Now:",
    "上传数据": "Upload",
    "下载数据": "Download",
    "将URL留空以禁用同步": "Leave the URL blank to disable sync",
    "忽略警告": "Ignore Warning",
    "已收藏": "Added",
    "忽略": "Ignore",
    "预览": "Preview",
    "双击缩放": "Double tap to zoom",
    "日志": "Logs",
    "更新": "Update",
    "数据": "Data",
    "提出建议(Github)": "Make a suggestion(Github)",
    "通过电子邮件联系我": "Contact me via email",
    "支持开发": "Support Development",
    "Pica Comic是一个完全免费的漫画阅读APP": "Pica Comic is a free comic reading APP",
    "仅用于学习交流": "For learning and communication",
    "加入Telegram群": "Join Telegram Group",
    "绅士漫画": "HtComic",
    "上一页": "Last Page",
    "页面": "Page",
    "新建": "New",
    "排序": "Reorder",
    "重命名": "Rename",
    "切换源": "Change Source",
    "应用链接": "App Links",
    "在系统设置中管理APP支持的链接": "Manage APP links in system settings",
    "取消收藏": "Unfavorite",
    "本地收藏": "Local Favorites",
    "新收藏添加至": "Add new favorite to",
    "阅读后移动本地收藏至": "After reading, move local favorite to",
    "最前": "front",
    "最后": "end",
    "无操作": "no",
    "长按缩放": "Long press to zoom",
    "同步数据中": "Synchronizing data",
    "最少星星": "Min Stars",
    "高级选项": "Advanced Options",
    "隐藏": "Hide",
    "规则": "rule",
    "探索页面": "Explore pages",
    "查看信息": "View Info",
    "显示页面信息": "Show page information",
    "从文件导入": "From file",
    "从网络导入": "From network",
    "复制到": "Copy",
    "这里什么都没有": "Nothing here now",
    "前往": "Go to ",
    "寻找漫画": " to find comics",
    "随机": "Random",
    "长度": "Length",
    "链接": "Link",
    "排序方式": "Sort by",
    "检查剪切板中的链接": "Check links in clipboard",
    "漫画块大小": "Size of the comic tile",
    "默认搜索源": "Default search source",
    "启用侧边翻页栏": "Enable Side Flip Bar",
    "高刷新率模式": "High refresh rate mode",
    "帮助": "Help",
    "覆盖": "cover",
    "漫画块缩略图布局": "Thumbnail Layout",
    "使用须知": "Notice",
    "感谢使用本软件, 请注意:": "Thank you for using this app, please note:",
    "我已阅读并知晓": "I have read and understand",
    "更多设置": "More settings",
    "登录账号": "Login account",
    "进入APP": "Enter",
    "请先阅读使用须知": "Please read the Notice first",
    "分类页面": "Category page",
    "网络收藏页面": "Network favorites page",
    "自动添加语言筛选": "Auto add language filters",
    "屏蔽": "Block",
    "自动翻页": "Auto",
    "全屏": "Full Screen",
    "反转点按翻页": "Reverse Tap to Flip Page",
    "本次更新数: ": "Number of updates this time:",
    ", 上次更新时间: ": ", last updated:",
    "下拉更新拉取页数": "Pull down to update the number of pages pulled",
    "支持下拉更新": "Support pull down update",
    "已登录 @a 个账号": "@a accounts logged in.",
    "共 @a 部漫画": "@a comics in total",
    "@a 条历史记录": "@a history records",
    "显示收藏状态": "Show favorite status",
    "显示阅读位置": "Show reading history",
    "图片收藏大小": "Size of favorite image",
    "图片收藏": "Favorite image",
    "@a 条图片收藏": "@a favorite images",
    "要删除这个图片吗": "Do you want to delete this image?",
    "图片配额": "Image limit",
    "已用": "Used",
    "重置花费": "Reset cost",
    "可用货币": "Available money",
    "头像": "Avatar",
    "显示": "Display",
    "漫画块": "Comic tile",
    "下载数据失败, 已禁用同步": "Failed to download data, sync disabled",
    "固定横屏": "Fixed landscape",
    "缓存限制": "Cache limit",
    "导出不含下载的数据": "Export data without downloads",
    "导出所有数据": "Export all data",
    "如需还原之前的下载, 将路径填写为下载数据的位置, 并取消勾选转移数据": "To restore previous downloads, fill in the path as the location of the downloaded data, and uncheck the \"Transfer data\".",
    "如果导入的数据中包含下载数据, 则当前的下载数据也将被覆盖": "If the imported data contains download data, the current download data will also be overwritten",
    "缓存大小限制": "Cache size limit",
    "缓存数量限制": "Cache number limit",
    "仅在退出阅读器时检查缓存是否超出限制": "Only check if the cache exceeds the limit when exiting the reader",
    "需要身份验证": "Authentication required",
    "添加漫画源": "Add comic source",
    "选择文件": "Select file",
    "优先显示副标题": "Show subtitle first",
    "适用于已下载的画廊": "For downloaded galleries",
    "配置文件": "Profile",
    "最近": "Recent",
    "要删除此漫画源吗?": "Do you want to delete this comic source?",
    "获取图片信息...": "Getting images information...",
    "已添加下载任务": "Download task added",
    "搜索相似": "Search similar",
    "点击查看详情": "Click to view details",
    "当前设备不支持": "Current device does not support",
    "第一章": "Chapter 1",
    "已保存": "Saved",
    "修改成功": "Modified successfully",
    "选择图像": "Select image",
    "无数据": "Empty data",
    "已复制": "Copied",
    "重置成功": "Reset successful",
    "重置": "Reset",
    "登录成功": "Login successful",
    "重新加载": "Reload",
    "成功添加收藏": "Favorite added",
    "正在添加收藏": "Adding favorite",
    "添加收藏失败": "Failed to add favorite",
    "取消收藏失败": "Failed to unfavorite",
    "成功取消收藏": "Unfavorite successful",
    "添加至本地收藏": "Add to local favorites",
    "要删除这个章节吗": "Do you want to delete this chapter?",
    "请输入评论": "Enter comment",
    "保存至本地": "Save locally",
    "此画廊存在令人不适的内容\\n在设置中可以禁用此警告": "This gallery contains objectionable content\\nThis warning can be disabled in settings",
    "评分成功": "Rating successful",
    "已加入下载队列": "Added to download queue",
    "其它漫画源的订阅尚未完成\\n如需管理EH订阅, 请前往EH网站": "To manage EH subscriptions, please go to the EH website",
    "查看更多": "View more",
    "编辑标签": "Edit tags",
    "无效的漫画": "Invalid comic",
    "从当前的搜索结果创建新的收藏夹": "Create a new folder from the current search results",
    "未选择": "Not selected",
    "选择收藏夹": "Select folder",
    "检查漫画存活": "Check comics survival",
    "正在导出": "Exporting",
    "删除失败": "Deletion failed",
    "已屏蔽": "Blocked",
    "标签": "Tags",
    "成功发表评论": "Comment posted successfully",
    "登录哔咔时发生错误:": "Error logging in to Picacg:",
    "登录绅士漫画时发生错误:": "Error logging in to HtComic:",
    "发现剪切板中的链接": "Found links in clipboard",
    "输入的数字不正确": "Incorrect input",
    "喜欢": "Like",
    "相似": "Similar",
    "信息": "Info",
    "显示全部": "Show all",
    "本子妹推荐": "Recommended",
    "本子母推荐": "Recommended",
    "已添加至收藏夹:": "Added to favorites:",
    "汉化": "Translation",
    "打开禁漫ID": "Open JM ID",
    "选择屏幕上的图片": "Select the image on the screen",
    "正在获取分流IP": "Getting stream IP",
    "分流5": "Stream 5",
    "分流6": "Stream 6",
    "屏幕方向": "Screen orientation",
    "收藏图片": "Favorite image",
    "成功收藏图片": "Image favorited successfully",
    "请在下载任务完成后进行操作": "Please perform the operation after the download task is completed",
    "允许储存权限": "Allow storage permission",
    "需要储存权限以选取任意目录": "Storage permission is required to select any directory",
    "已禁用": "Disabled",
    "浏览列表": "Browse list",
    "查看帮助": "View help",
    "设置漫画排序模式": "Set comic sorting mode",
    "确认清除缓存?": "Confirm clearing cache?",
    "下载并行": "Download parallel",
    "欢迎": "Welcome",
    "添加收藏": "Add to favorites",
    "快速收藏": "Quick favorite",
    "普通下载": "Normal download",
    "归档下载": "Archive download",
    "已加入队列": "Added to queue",
    "star(非必要)": "star(optional)",
    "长按收藏按钮执行快速收藏": "Long press the favorite button to quickly favorite",
    "点击漫画时": "Clicking on a comic",
    "浏览": "Browse",
    "漫画源": "Comic Source",
    "外观": "Appearance",
    "关于": "About",
    "有可用更新:": "Updates available:",
    "自定义漫画源": "Custom comic source",
    "已选择 @num 个项目": "Selected @num items",
    "使用深色背景": "Use dark background",
    "可能导致加载失败": "May cause loading failure",
    "首页显示单张图片": "Show single image on first page",
    "要删除此项目吗?" : "Do you want to delete this item?",
    "要清空历史记录吗?" : "Do you want to clear the history?",
    "要清空收藏吗?" : "Do you want to clear the favorites?",
    "是否退出程序？" : "Exit the program?",
    "不再提示": "Do not show again",
    "删除下载": "Delete download",
    "复制路径": "Copy path",
    "通过 cookie 身份信息快速填写": "Quickly fill in identity information through cookies",
    "解析": "Parse",
    "空的内容不能解析哦": "Empty content cannot be parsed",
    "cookie 信息格式可能有误": "Cookie information format may be incorrect",
    "本App的开发目的仅为学习交流与个人兴趣, 显示的任何内容均来自网络, 与开发者无关": "The purpose of this App is only for learning, communication, and personal interest. Any content displayed comes from the internet and is not related to the developer",
    "如果在使用中发现问题, 请先确认是否为自己的设备问题, 然后再进行反馈": "If you encounter any problems during use, please first confirm whether it is a problem with your device, and then provide feedback",
    "开发者不对能否解决问题负责": "The developer is not responsible for whether the problem can be solved",
    "连续模式": "Continuous mode",
    "滑动到底部时自动加载下一页并追加到页面末尾": "Automatically load the next page and append it to the end of the page when sliding to the bottom",
    "分页模式": "Paging mode",
    "需要手动切换页面": "Need to manually switch pages",
    "App数据目录": "App data directory",
    "成功导出": "Export successful",
    "导出失败": "Export failed",
    "完全隐藏屏蔽的作品": "Completely hide blocked works",
    "内置漫画源": "Built-in comic source",
    "设置缓存限制": "Set cache limit",
    "需要进行Cloudflare验证": "Cloudflare verification required",
    "屏蔽关键词": "Block keywords",
    "上传者": "Uploader",
    "图片搜索": "Image search",
    "Eh订阅": "Eh subscription",
    "菜单": "Menu",
    "导出为pdf": "Export as pdf",
    "更新漫画信息": "Update comic information"
  }
}
